상품명,채널구분,통합판매수량,국내판매수량,해외판매수량,통합매출_KRW,국내매출_KRW,해외매출_KRW환산,평균단가_KRW,총주문건수,국내주문건수,해외주문건수,최초판매일,시즌,통합주문건수
Mori Dimsum Bag Brown,공통,3695.0,1416.0,2279.0,646271211.0,176355360.0,469915851.0,174904.0,3380.0,1129.0,2251.0,2025-09-07,25 FW 가방 1차,3380.0
Washed Leopard Dimsum Bag Pink,공통,2241.0,1518.0,723.0,337589990.0,193454400.0,144135590.0,150643.0,2175.0,1460.0,715.0,2025-09-08,25 FW 가방 1차,2175.0
Leopard Dimsum Bag Charcoal,공통,1352.0,805.0,547.0,208059417.0,100096600.0,107962817.0,153890.0,1325.0,784.0,541.0,2025-09-07,25 FW 가방 1차,1325.0
Check Hoodie Jacket Blue,공통,1096.0,1057.0,39.0,157216817.0,151066505.0,6150312.0,143446.0,1095.0,1056.0,39.0,2025-01-01,24 08 FW,1095.0
Mini Washed Leopard Dimsum Bag Pink,공통,865.0,534.0,331.0,103270755.0,49001000.0,54269755.0,119388.0,833.0,505.0,328.0,2026-02-05,26 VT,833.0
Patchwork Buttons Pillow Bag Navy,공통,754.0,354.0,400.0,150892959.0,58558500.0,92334459.0,200123.0,725.0,326.0,399.0,2025-12-12,25 FW 02,725.0
Stripe Star L/S Blue,공통,639.0,608.0,31.0,31328908.0,28530507.0,2798401.0,49028.0,639.0,608.0,31.0,2025-01-01,24 홀리데이컬렉션,639.0
Dot Cozy Dumpling Bag Gray,공통,529.0,297.0,232.0,63102010.0,28342300.0,34759710.0,119285.0,528.0,297.0,231.0,2025-05-17,25 SS 02,528.0
Hand Warmer L/S Charcoal,공통,500.0,394.0,106.0,36354419.0,24414850.0,11939569.0,72709.0,490.0,385.0,105.0,2025-09-09,25 FW 01,490.0
Mini Mori Dimsum Bag Brown,공통,408.0,119.0,289.0,67184957.0,13651750.0,53533207.0,164669.0,394.0,108.0,286.0,2025-12-13,25 FW 02,394.0
Pom Pom Knit Half Top Blue,공통,405.0,351.0,54.0,34105912.0,27448200.0,6657712.0,84212.0,372.0,318.0,54.0,2025-09-10,25 FW 01,372.0
Suede Bao Bag Brown,공통,394.0,380.0,14.0,24145264.0,22666740.0,1478524.0,61282.0,394.0,380.0,14.0,2025-01-01,24 08 FW,394.0
Dot Cozy Bao Bag Gray,공통,388.0,354.0,34.0,23137306.0,19709850.0,3427456.0,59632.0,388.0,354.0,34.0,2025-05-17,25 SS 02,388.0
Mori Dimsum Bag Black,공통,369.0,131.0,238.0,65681479.0,16208100.0,49473379.0,177999.0,360.0,124.0,236.0,2025-12-13,25 FW 02,360.0
Wool Leopard Pillow Bag Beige,공통,337.0,247.0,90.0,59053636.0,39890500.0,19163136.0,175233.0,337.0,247.0,90.0,2025-09-07,25 FW 가방 1차,337.0
Suede Bao Bag Camel,공통,328.0,316.0,12.0,20009059.0,19024810.0,984249.0,61003.0,326.0,314.0,12.0,2025-01-01,24 홀리데이컬렉션,326.0
Washed Leopard Dimsum Bag Purple,공통,325.0,149.0,176.0,54447231.0,19109000.0,35338231.0,167530.0,322.0,146.0,176.0,2025-10-03,26 SS 01,322.0
Fleece Hockey Jersey Navy,공통,305.0,298.0,7.0,28071127.0,27421444.0,649683.0,92036.0,301.0,294.0,7.0,2025-01-01,24 홀리데이컬렉션,301.0
Shooting Star Angel Dress White,공통,297.0,271.0,26.0,19003144.0,16753810.0,2249334.0,63984.0,294.0,271.0,26.0,2025-05-17,25 SS 02,297.0
Mini Washed Leopard Dimsum Bag Purple,공통,321.0,161.0,160.0,41547993.0,14953600.0,26594393.0,129433.0,316.0,156.0,160.0,2026-02-05,26 VT,316.0
Sheer Dot Buttons Baby Tee Navy,공통,296.0,268.0,28.0,12091018.0,9827490.0,2263528.0,40848.0,280.0,265.0,27.0,2025-05-17,25 SS 02,292.0
Mini Mori Dimsum Bag Black,공통,291.0,97.0,194.0,46628708.0,11157750.0,35470958.0,160236.0,286.0,94.0,192.0,2025-12-12,25 FW 02,286.0
Dot Cozy Dumpling Bag Navy,공통,267.0,185.0,82.0,29916699.0,17353597.0,12563102.0,112048.0,266.0,184.0,82.0,2025-06-20,25 SS 03,266.0
Dot Cozy Bao Bag Navy,공통,262.0,251.0,11.0,15715109.0,14691600.0,1023509.0,59981.0,261.0,250.0,11.0,2025-06-20,25 SS 03,261.0
Star Dimsum Tote Bag Charcoal,공통,260.0,128.0,132.0,28121195.0,11518740.0,16602455.0,108158.0,260.0,128.0,132.0,2025-07-02,25 SS 03,260.0
Cotton Ribbon Shorts Navy,공통,259.0,234.0,25.0,12280135.0,10590705.0,1689430.0,47414.0,253.0,228.0,25.0,2025-01-02,캐리오버,253.0
Heart Puffer Jacket Check Blue,공통,244.0,230.0,14.0,35948721.0,33492600.0,2456121.0,147331.0,244.0,230.0,14.0,2025-01-01,24 08 FW,244.0
Lace Inner Shorts White,공통,251.0,212.0,39.0,7110050.0,4466865.0,2643185.0,28327.0,246.0,208.0,38.0,2025-05-17,25 SS 02,246.0
Hand Warmer L/S Pale Violet,공통,227.0,160.0,67.0,16861662.0,9917050.0,6944612.0,74280.0,223.0,157.0,66.0,2025-09-13,25 FW 01,223.0
Mossy Slip Dress Khaki,공통,223.0,178.0,45.0,19585706.0,13557500.0,6028206.0,87828.0,222.0,177.0,45.0,2025-09-10,25 FW 01,222.0
Dot Cozy Dumpling Bag Brown,공통,213.0,79.0,134.0,36590677.0,10161200.0,26429477.0,171787.0,210.0,77.0,133.0,2025-09-08,25 FW 가방 1차,210.0
Star Dimsum Bag Charcoal,공통,211.0,77.0,134.0,31165740.0,8301700.0,22864040.0,147705.0,210.0,77.0,133.0,2025-09-07,25 SS 03,210.0
Leather Bao Bag Black,공통,187.0,185.0,2.0,10622573.0,10408880.0,213693.0,56805.0,186.0,184.0,2.0,2025-01-03,24 홀리데이컬렉션,186.0
Dot Cozy Dumpling Bag Skyblue,공통,175.0,124.0,51.0,17948114.0,11296220.0,6651894.0,102561.0,175.0,124.0,51.0,2025-05-17,25 SS 02,175.0
Ribbon Logo Slim Tee White,공통,175.0,162.0,13.0,5029653.0,4110470.0,919183.0,28741.0,168.0,157.0,11.0,2025-01-17,캐리오버,168.0
Stilla Lace L/S Ivory,공통,166.0,130.0,36.0,10879556.0,7293000.0,3586556.0,65539.0,166.0,130.0,36.0,2025-09-10,25 FW 01,166.0
Ribbon Logo Slim Tee Navy,공통,167.0,143.0,24.0,5522711.0,3786660.0,1736051.0,33070.0,165.0,142.0,23.0,2025-01-14,캐리오버,165.0
Removable Shearling Knit Hoodie Zip Brown,공통,164.0,110.0,54.0,23005261.0,14671000.0,8334261.0,140276.0,163.0,110.0,54.0,2025-09-10,25 FW 01,164.0
Dot Cozy Bao Bag Skyblue,공통,163.0,140.0,23.0,9932658.0,7405620.0,2527038.0,60937.0,161.0,139.0,23.0,2025-05-17,25 SS 02,162.0
Mini Chocolate Blush Mori Dimsum Bag,공통,197.0,51.0,146.0,30084849.0,6614400.0,23470449.0,152715.0,191.0,48.0,143.0,2026-04-11,26 SS 01,191.0
Butterfly Angel Dress Ivory,공통,155.0,138.0,17.0,9671953.0,8212815.0,1459138.0,62400.0,155.0,138.0,17.0,2025-05-17,25 SS 02,155.0
Leopard Dimsum Bag Beige,공통,152.0,75.0,77.0,24163549.0,9344160.0,14819389.0,158971.0,152.0,75.0,77.0,2025-09-07,25 FW 가방 1차,152.0
Wool Check Hoodie Jacket Navy,공통,143.0,130.0,13.0,25130393.0,22981100.0,2149293.0,175737.0,143.0,130.0,13.0,2025-01-01,24 홀리데이컬렉션,143.0
Star Lace Hand Warmer,공통,145.0,118.0,27.0,3352155.0,1525520.0,1826635.0,23118.0,142.0,115.0,27.0,2025-05-17,25 SS 02,142.0
Glaze Vanilla Dimsum Bag,공통,184.0,136.0,48.0,25136362.0,16211200.0,8925162.0,136611.0,184.0,136.0,48.0,2026-04-15,26 SS 01,184.0
Washed Leopard Dumpling Bag Pink,공통,120.0,59.0,61.0,18968590.0,7622800.0,11345790.0,158072.0,120.0,59.0,61.0,2025-09-07,25 FW 가방 1차,120.0
Leather Bao Bag Brown,공통,117.0,114.0,3.0,6667114.0,6381222.0,285892.0,56984.0,117.0,114.0,3.0,2025-01-01,24 홀리데이컬렉션,117.0
Stripe Lace Tie Shirt Blue,공통,115.0,83.0,32.0,12019561.0,8209795.0,3809766.0,104518.0,115.0,83.0,32.0,2025-01-03,24 08 FW,115.0
Shade Tied Dress Charcoal,공통,115.0,68.0,47.0,15233903.0,8092000.0,7141903.0,132469.0,114.0,68.0,46.0,2025-09-10,25 FW 01,114.0
Knit Highneck Double Jacket Dark Gray,공통,112.0,102.0,10.0,14064143.0,12342000.0,1722143.0,125573.0,112.0,102.0,10.0,2026-02-05,26 VT,112.0
Mushroom Pocket Tie Half Shirts Black,공통,110.0,69.0,41.0,8742088.0,4398750.0,4343338.0,79474.0,108.0,68.0,40.0,2025-09-10,25 FW 01,108.0
Washed Leopard Pillow Bag Pink,공통,110.0,62.0,48.0,18870828.0,8645000.0,10225828.0,171553.0,110.0,62.0,48.0,2025-12-14,25 FW 02,110.0
Blue Hour Stripe Lace Tie Shirt Blue,공통,108.0,96.0,12.0,7434622.0,6310300.0,1124322.0,68839.0,107.0,95.0,12.0,2025-04-15,25 SS 01,107.0
Dot Denim Hoodie Jacket Deep Blue,공통,108.0,106.0,2.0,15337251.0,15086370.0,250881.0,142012.0,108.0,106.0,2.0,2025-04-12,25 SS 01,108.0
Hockey Jersey Navy,공통,107.0,97.0,10.0,14836239.0,13525330.0,1310909.0,138656.0,107.0,97.0,10.0,2025-01-02,24 08 FW,107.0
Eco Fur Pillow Bag Brown,공통,107.0,69.0,38.0,17934375.0,10383500.0,7550875.0,167611.0,107.0,69.0,38.0,2025-09-09,25 FW 가방 1차,107.0
Sheer Dot Hand Warmer Beige,공통,101.0,84.0,17.0,2394372.0,1096010.0,1298362.0,23707.0,96.0,79.0,17.0,2025-05-18,25 SS 02,96.0
Pom Pom Knit Half Top Beige,공통,100.0,81.0,19.0,8764300.0,6334200.0,2430100.0,87643.0,100.0,81.0,19.0,2025-09-10,25 FW 01,100.0
Mushroom Pocket Tie Half Shirts Beige,공통,102.0,63.0,39.0,8419825.0,3780000.0,4639825.0,82547.0,102.0,63.0,39.0,2025-09-12,25 FW 01,102.0
Charm Holder Backpack Patchwork,공통,105.0,53.0,52.0,15749742.0,6245000.0,9504742.0,149998.0,104.0,52.0,52.0,2026-01-22,25 FW 02,104.0
Endot Blazer Jacket Navy,공통,99.0,92.0,7.0,11156034.0,10337630.0,818404.0,112687.0,99.0,92.0,7.0,2025-04-10,25 SS 01,99.0
Eco Fur Dumpling Bag Brown,공통,98.0,59.0,39.0,13998514.0,7014800.0,6983714.0,142842.0,98.0,59.0,39.0,2025-09-08,25 FW 가방 1차,98.0
Buttons Collar Dress White,공통,97.0,90.0,7.0,9029134.0,8266145.0,762989.0,93084.0,97.0,90.0,7.0,2025-05-17,25 SS 02,97.0
Stripe Polo Hockey Jersey Blue,공통,97.0,96.0,1.0,9348095.0,9244895.0,103200.0,96372.0,96.0,95.0,1.0,2025-04-10,25 SS 01,96.0
Eco Fur Dimsum Bag Brown,공통,97.0,56.0,41.0,15488336.0,7257600.0,8230736.0,159674.0,97.0,56.0,41.0,2025-09-08,25 FW 가방 1차,97.0
Dot Cozy Bao Bag Brown,공통,96.0,66.0,30.0,9226604.0,4900500.0,4326104.0,96110.0,96.0,66.0,30.0,2025-09-10,25 FW 가방 1차,96.0
Jelly Dimsum Bag Lemon,공통,98.0,80.0,18.0,11433137.0,8400000.0,3033137.0,116665.0,74.0,80.0,18.0,2026-05-11,26 HS 핫썸머,98.0
Jelly Dimsum Bag Mint,공통,97.0,62.0,35.0,12489919.0,6510000.0,5979919.0,128762.0,61.0,57.0,35.0,2026-05-11,26 HS 핫썸머,92.0
[Setup] Ribbon Layerd Tee White,공통,93.0,82.0,11.0,5126229.0,4389550.0,736679.0,55121.0,89.0,78.0,11.0,2025-05-17,25 SS 02,89.0
Stripe My Little Star L/S Blue,공통,93.0,81.0,12.0,3830624.0,2980980.0,849644.0,41190.0,93.0,81.0,12.0,2025-04-13,25 SS 01,93.0
Chocolate Blush Mori Dimsum Bag,공통,111.0,31.0,80.0,19076514.0,3868800.0,15207714.0,171860.0,108.0,29.0,79.0,2026-04-11,26 SS 01,108.0
Leopard Bao Bag Charcoal,공통,92.0,69.0,23.0,8280527.0,5067000.0,3213527.0,90006.0,92.0,69.0,23.0,2025-09-07,25 FW 가방 1차,92.0
Fleece & Wool Check Crop Jacket Navy,공통,91.0,83.0,8.0,11193987.0,10188000.0,1005987.0,123011.0,91.0,83.0,8.0,2025-01-01,24 홀리데이컬렉션,91.0
Rosie Woolly Off Shouler Rose Gray,공통,90.0,51.0,39.0,7716000.0,3066600.0,4649400.0,85733.0,90.0,51.0,39.0,2026-02-07,26 VT,90.0
Buttons Baby Tee Green,공통,86.0,77.0,9.0,3536470.0,2873895.0,662575.0,41122.0,85.0,76.0,9.0,2025-05-20,25 SS 02,85.0
Moldy Pigment Long Skirt Rose Gray,공통,81.0,53.0,28.0,9356247.0,5898550.0,3457697.0,115509.0,81.0,53.0,28.0,2025-09-13,25 FW 01,81.0
Star Bao Bag Charcoal,공통,81.0,70.0,11.0,5236519.0,4192650.0,1043869.0,64648.0,81.0,70.0,11.0,2025-07-01,25 SS 03,81.0
Mossy Slip Dress Dusty Pink,공통,83.0,66.0,17.0,6910411.0,5054500.0,1855911.0,83258.0,83.0,66.0,17.0,2025-09-10,25 FW 01,83.0
Vine Knit Charcoal,공통,79.0,53.0,26.0,8320500.0,4752000.0,3568500.0,105323.0,79.0,53.0,26.0,2025-09-10,25 FW 01,79.0
Endot Blazer Jacket Charcoal,공통,77.0,68.0,9.0,8252008.0,7244650.0,1007358.0,107169.0,77.0,68.0,9.0,2025-04-11,25 SS 01,77.0
[Setup] Sheer Dot Layerd Tee Navy,공통,76.0,63.0,13.0,4084746.0,3336728.0,748018.0,53747.0,76.0,63.0,13.0,2025-05-17,25 SS 02,76.0
Blooming Tie Shirt Ivory,공통,75.0,60.0,15.0,5258890.0,3988450.0,1270440.0,70119.0,74.0,59.0,15.0,2025-04-10,25 SS 01,74.0
Balloon Mini Skirt Navy,공통,73.0,69.0,4.0,4070043.0,3598965.0,471078.0,55754.0,72.0,68.0,4.0,2025-01-03,24 08 FW,72.0
Ribbon Logo Tee White,공통,75.0,73.0,2.0,2839904.0,2748825.0,91079.0,37865.0,75.0,73.0,2.0,2025-01-26,캐리오버,75.0
Charm Holder Backpack Khaki,공통,81.0,37.0,44.0,12629484.0,4151000.0,8478484.0,155920.0,80.0,36.0,44.0,2026-01-23,25 FW 02,80.0
Double Velvet Ties Shirt Navy,공통,72.0,46.0,26.0,6160106.0,3559780.0,2600326.0,85557.0,72.0,46.0,26.0,2025-01-05,24 08 FW,72.0
Knit Hockey Jersey Navy,공통,72.0,63.0,9.0,5070271.0,4260475.0,809796.0,70420.0,72.0,63.0,9.0,2025-04-18,25 SS 01,72.0
Knit Pleats Skirt Dark Gray,공통,72.0,58.0,14.0,5396917.0,3614000.0,1782917.0,74957.0,71.0,58.0,14.0,2026-02-07,26 VT,72.0
Stripe Lace Tie Shirt Ivory,공통,71.0,55.0,16.0,6327974.0,4391810.0,1936164.0,89126.0,71.0,55.0,16.0,2025-01-03,24 08 FW,71.0
Moldy Pigment Long Skirt Brown,공통,70.0,48.0,22.0,8229926.0,5426400.0,2803526.0,117570.0,69.0,48.0,21.0,2025-09-13,25 FW 01,69.0
Dot Buttons Knit Double Jacket Navy,공통,70.0,69.0,1.0,5269685.0,5177925.0,91760.0,75281.0,70.0,69.0,1.0,2025-04-09,25 SS 01,70.0
Berry BadBear Tee White,공통,68.0,61.0,7.0,2790790.0,2318940.0,471850.0,41041.0,65.0,59.0,7.0,2025-01-07,배드베어,66.0
Buttons Baby Tee White,공통,68.0,59.0,9.0,2417253.0,1884255.0,532998.0,35548.0,68.0,59.0,9.0,2025-05-18,25 SS 02,68.0
Blooming Tie Shirt Blue,공통,68.0,61.0,7.0,4667368.0,3953545.0,713823.0,68638.0,67.0,60.0,7.0,2025-04-11,25 SS 01,67.0
Glaze Pearl Gray Dimsum Bag,공통,86.0,44.0,42.0,12746819.0,5244800.0,7502019.0,148219.0,86.0,44.0,42.0,2026-04-11,26 SS 01,86.0
Cotton Ribbon Shorts White,공통,68.0,64.0,4.0,3332725.0,3027145.0,305580.0,49011.0,67.0,63.0,4.0,2025-01-02,캐리오버,67.0
Polo Hockey Jersey Navy,공통,67.0,63.0,4.0,5094971.0,4729170.0,365801.0,76044.0,67.0,63.0,4.0,2025-04-09,25 SS 01,67.0
Star Lace Leg Warmer,공통,68.0,51.0,17.0,1907040.0,892920.0,1014120.0,28045.0,68.0,51.0,17.0,2025-05-17,25 SS 02,68.0
Wool Check Duffle Coat Navy,공통,66.0,64.0,2.0,10982987.0,10714100.0,268887.0,166409.0,66.0,64.0,2.0,2025-01-01,24 홀리데이컬렉션,66.0
Knit Hockey Jersey Skyblue,공통,64.0,62.0,2.0,3784039.0,3653350.0,130689.0,59126.0,64.0,62.0,2.0,2025-04-12,25 SS 01,64.0
P Pleats Mid Skirt Navy,공통,63.0,56.0,7.0,3582438.0,2937420.0,645018.0,56864.0,63.0,56.0,7.0,2025-04-10,25 SS 01,63.0
Stilla Lace L/S Khaki,공통,63.0,50.0,13.0,4194712.0,2814900.0,1379812.0,66583.0,63.0,50.0,13.0,2025-09-12,25 FW 01,63.0
Pocket Pleats Shorts Skirt Navy,공통,65.0,56.0,9.0,3041050.0,2242595.0,798455.0,46785.0,65.0,56.0,9.0,2025-04-23,25 SS 01,65.0
Double Velvet Ties Shirt Butter,공통,63.0,51.0,12.0,4320597.0,3141280.0,1179317.0,68581.0,63.0,51.0,12.0,2025-01-07,24 08 FW,63.0
Flare Bambi Shearling Mini Coat Ivory,공통,64.0,49.0,15.0,10416740.0,7596000.0,2820740.0,162762.0,63.0,49.0,15.0,2025-12-13,25 FW 02,64.0
Bite Apple Key Chain,공통,61.0,30.0,31.0,3224480.0,696020.0,2528460.0,52860.0,58.0,30.0,29.0,2025-07-04,25 SS 03,59.0
Balloon Mini Skirt Cream,공통,61.0,57.0,4.0,2920365.0,2672515.0,247850.0,47875.0,55.0,51.0,4.0,2025-01-19,24 08 FW,55.0
Earflap Beanie Light Blue,공통,61.0,52.0,9.0,2104119.0,1374680.0,729439.0,34494.0,60.0,51.0,9.0,2025-01-01,24 홀리데이컬렉션,60.0
Earflap Beanie Ivory,공통,60.0,50.0,10.0,1903981.0,1213915.0,690066.0,31733.0,59.0,49.0,10.0,2025-01-06,24 홀리데이컬렉션,59.0
Hand Warmer Stripe L/S Charcoal,공통,59.0,42.0,17.0,4540738.0,2606100.0,1934638.0,76962.0,59.0,42.0,17.0,2025-09-10,25 FW 01,59.0
Cottage Bambi Fur Trooper Hat Brown,공통,61.0,45.0,16.0,4993672.0,2680000.0,2313672.0,81863.0,61.0,45.0,16.0,2025-12-16,25 FW 02,61.0
Dot Denim Hoodie Jacket Light Blue,공통,59.0,48.0,11.0,7917399.0,6651110.0,1266289.0,134193.0,59.0,48.0,11.0,2025-04-11,25 SS 01,59.0
Check Hoodie Jacket Navy,공통,58.0,46.0,12.0,8684318.0,7183500.0,1500818.0,149730.0,58.0,46.0,12.0,2025-04-15,25 SS 01,58.0
Logo Tee Navy,공통,57.0,50.0,7.0,2274020.0,1765625.0,508395.0,39895.0,57.0,50.0,7.0,2025-02-14,캐리오버,57.0
Dot Buttons Knit Double Jacket Gray,공통,57.0,54.0,3.0,4468427.0,4082655.0,385772.0,78393.0,57.0,54.0,3.0,2025-04-09,25 SS 01,57.0
Baby Sheeps Fleece Jacket Ivory,공통,60.0,45.0,15.0,6820815.0,4809750.0,2011065.0,113680.0,59.0,45.0,15.0,2025-12-16,25 FW 02,60.0
Baby Sheeps Ear Fleece Zip-up Crop Hoodie Ivory,공통,57.0,42.0,15.0,6436999.0,4280000.0,2156999.0,112930.0,57.0,42.0,15.0,2025-12-16,25 FW 02,57.0
Check Angel Dress Beige,공통,57.0,41.0,16.0,3872808.0,2687645.0,1185163.0,67944.0,57.0,41.0,16.0,2025-07-05,25 SS 03,57.0
Sheer Dot Leg Warmer Beige,공통,58.0,47.0,11.0,1570559.0,812625.0,757934.0,27079.0,55.0,44.0,11.0,2025-05-17,25 SS 02,55.0
Love Message One Shoulder L/S Ivory,공통,59.0,53.0,6.0,2675087.0,2000000.0,675087.0,45340.0,59.0,53.0,6.0,2026-02-06,26 VT,59.0
Stripe Lace Tie Shirt Pink,공통,54.0,35.0,19.0,4662905.0,2491920.0,2170985.0,86350.0,54.0,35.0,19.0,2025-04-10,25 SS 01,54.0
Ink Dimsum Bag,공통,73.0,28.0,45.0,11267996.0,3337600.0,7930396.0,154356.0,73.0,28.0,45.0,2026-04-11,26 SS 01,73.0
Check Angel Dress Mint,공통,52.0,47.0,5.0,3561103.0,3139180.0,421923.0,68483.0,52.0,47.0,5.0,2025-07-03,25 SS 03,52.0
Shade Tied Dress Jade,공통,52.0,35.0,17.0,6651346.0,4165000.0,2486346.0,127910.0,51.0,34.0,17.0,2025-09-10,25 FW 01,51.0
Charm Holder Backpack Sage Green,공통,58.0,38.0,20.0,8045649.0,4120000.0,3925649.0,138718.0,58.0,38.0,20.0,2026-01-23,25 FW 02,58.0
Puffed Rain Jacket White,공통,52.0,39.0,13.0,5064400.0,3737580.0,1326820.0,97392.0,50.0,37.0,13.0,2025-07-02,25 SS 03,50.0
Stripe Hoodie Cardigan Blue,공통,51.0,49.0,2.0,3932008.0,3785784.0,146224.0,77098.0,51.0,49.0,2.0,2025-01-02,24 홀리데이컬렉션,51.0
Leather Cowboy Boots Brown,공통,51.0,49.0,2.0,4884729.0,4637310.0,247419.0,95779.0,51.0,49.0,2.0,2025-01-07,24 08 FW,51.0
My Little Star Shorts Navy,공통,51.0,38.0,13.0,3242483.0,2128380.0,1114103.0,63578.0,51.0,38.0,13.0,2025-07-02,25 SS 03,51.0
Check Puffed Rain Jacket Blue,공통,50.0,36.0,14.0,4058253.0,2617452.0,1440801.0,81165.0,49.0,36.0,14.0,2025-07-02,25 SS 03,50.0
Pocket Pleats Shorts Skirt Charocal,공통,50.0,40.0,10.0,2372767.0,1483440.0,889327.0,47455.0,50.0,40.0,10.0,2025-05-11,25 SS 01,50.0
P Pleats Mid Skirt Charcoal,공통,50.0,46.0,4.0,2580189.0,2286065.0,294124.0,51604.0,50.0,46.0,4.0,2025-04-16,25 SS 01,50.0
Vine Knit Light Khaki,공통,51.0,33.0,18.0,5199268.0,2616000.0,2583268.0,101946.0,51.0,33.0,18.0,2025-09-12,25 FW 01,51.0
Stary Night Frill Sleeveless Navy,공통,48.0,24.0,24.0,2682970.0,781400.0,1901570.0,55895.0,48.0,24.0,24.0,2025-07-03,25 SS 03,48.0
Logo Crop Zipup Jersey Navy,공통,48.0,45.0,3.0,3122330.0,2849200.0,273130.0,65049.0,48.0,45.0,3.0,2025-02-13,캐리오버,48.0
Ribbon Logo Sleeveless Navy,공통,48.0,41.0,7.0,1696018.0,1196932.0,499086.0,35334.0,46.0,39.0,7.0,2025-01-22,캐리오버,46.0
Stary Night Frill Sleeveless Skyblue,공통,47.0,20.0,27.0,2652388.0,591600.0,2060788.0,56434.0,47.0,20.0,27.0,2025-07-06,25 SS 03,47.0
Buttons Sprinkle Hoodie Shirt White,공통,47.0,32.0,15.0,4740806.0,3051795.0,1689011.0,100868.0,46.0,32.0,14.0,2025-07-05,25 SS 03,46.0
Jelly Dimsum Bag Peach,공통,47.0,24.0,23.0,6314864.0,2520000.0,3794864.0,134359.0,33.0,24.0,23.0,2026-05-11,26 HS 핫썸머,47.0
Cream Puff Dimsum Bag,공통,58.0,35.0,23.0,8269590.0,4172000.0,4097590.0,142579.0,57.0,34.0,23.0,2026-04-11,26 SS 01,57.0
Rosie Woolly Off Shouler Cream,공통,48.0,28.0,20.0,4088252.0,1668200.0,2420052.0,85172.0,47.0,28.0,20.0,2026-02-08,26 VT,48.0
Baby Sheeps Button Fleece Hoodie Jacket Ivory,공통,47.0,35.0,12.0,7398250.0,5295000.0,2103250.0,157410.0,45.0,35.0,12.0,2025-12-15,25 FW 02,47.0
Milky Way Hand Warmer White,공통,45.0,35.0,10.0,1145152.0,575170.0,569982.0,25448.0,44.0,34.0,10.0,2025-07-03,25 SS 03,44.0
Side Tie Dress Navy,공통,45.0,41.0,4.0,3173401.0,2874830.0,298571.0,70520.0,45.0,41.0,4.0,2025-01-09,24 08 FW,45.0
My Little Star L/S Mint,공통,45.0,41.0,4.0,1928673.0,1607540.0,321133.0,42859.0,45.0,41.0,4.0,2025-04-10,25 SS 01,45.0
Biker Jacket Ivory,공통,44.0,43.0,1.0,4094063.0,3986150.0,107913.0,93047.0,44.0,43.0,1.0,2025-01-15,24 08 FW,44.0
My Little Star L/S Purple,공통,44.0,37.0,7.0,1730158.0,1209200.0,520958.0,39322.0,44.0,37.0,7.0,2025-04-10,25 SS 01,44.0
Buttons Check Hoodie Shirt Blue,공통,46.0,40.0,6.0,4053384.0,3551250.0,502134.0,88117.0,46.0,40.0,6.0,2025-07-02,25 SS 03,46.0
Reversible Check Shearling Jacket Blue,공통,44.0,41.0,3.0,5198830.0,4785000.0,413830.0,118155.0,44.0,41.0,3.0,2025-12-18,25 FW 02,44.0
Side Tie Dress Oatmeal,공통,44.0,36.0,8.0,3057012.0,2486000.0,571012.0,69478.0,44.0,36.0,8.0,2025-01-06,24 08 FW,44.0
Lace Inner Shorts Gray,공통,43.0,38.0,5.0,1130587.0,799915.0,330672.0,26293.0,43.0,38.0,5.0,2025-07-02,25 SS 03,43.0
Doze Lace Sleeveless Mint,공통,47.0,43.0,4.0,2120037.0,1734300.0,385737.0,45107.0,47.0,43.0,4.0,2026-04-12,26 SS 01,47.0
My Little Star L/S Navy,공통,43.0,33.0,10.0,2027029.0,1331588.0,695441.0,47140.0,43.0,33.0,10.0,2025-04-11,25 SS 01,43.0
Sheer Dot Buttons Baby Tee Beige,공통,43.0,40.0,3.0,1727527.0,1552270.0,175257.0,40175.0,43.0,40.0,3.0,2025-05-18,25 SS 02,43.0
Earflap Beanie Brown,공통,42.0,35.0,7.0,1526830.0,890000.0,636830.0,36353.0,40.0,33.0,7.0,2025-01-12,24 홀리데이컬렉션,40.0
Cozy Pom Pom Dot Shearling Dumble Jumper Brown,국내전용,43.0,43.0,0.0,8424500.0,8424500.0,0.0,195919.0,43.0,43.0,0.0,2025-12-15,25 FW 02,43.0
Milky Way Leg Warmer White,공통,42.0,30.0,12.0,1317408.0,567060.0,750348.0,31367.0,41.0,29.0,12.0,2025-07-04,25 SS 03,41.0
BadBear Graphic Tee White,공통,40.0,38.0,2.0,1340335.0,1207399.0,132936.0,33508.0,36.0,34.0,2.0,2025-02-04,배드베어,36.0
Hand Warmer Stripe L/S Light Khaki,공통,40.0,28.0,12.0,2977767.0,1737400.0,1240367.0,74444.0,38.0,28.0,10.0,2025-09-10,25 FW 01,38.0
Velour Ear Zipup Crop Hoodie Navy,공통,40.0,34.0,6.0,3040489.0,2528665.0,511824.0,76012.0,40.0,34.0,6.0,2025-01-10,24 홀리데이컬렉션,40.0
Blooming Tie Shirt Pink,공통,39.0,28.0,11.0,2971776.0,1937800.0,1033976.0,76199.0,39.0,28.0,11.0,2025-04-17,25 SS 01,39.0
Leather Cowboy Boots Black,공통,38.0,32.0,6.0,3811262.0,3148000.0,663262.0,100296.0,37.0,31.0,6.0,2025-01-12,24 08 FW,37.0
Hand Warmer Cottage Floral L/S Beige,공통,39.0,21.0,18.0,3421654.0,1365100.0,2056554.0,87735.0,38.0,21.0,18.0,2025-12-13,25 FW 02,39.0
Flying Heaven Slim Tee White,공통,38.0,27.0,11.0,1445788.0,636300.0,809488.0,38047.0,36.0,27.0,11.0,2025-05-20,25 SS 02,38.0
Milky Way Leg Warmer Black,공통,36.0,27.0,9.0,1254870.0,486960.0,767910.0,34858.0,35.0,26.0,9.0,2025-07-04,25 SS 03,35.0
My Little Star L/S Chocolate,공통,36.0,30.0,6.0,1663097.0,1201538.0,461559.0,46197.0,36.0,30.0,6.0,2025-04-11,25 SS 01,36.0
Boucle Check Hoodie Jacket Navy,공통,36.0,32.0,4.0,5651141.0,5040000.0,611141.0,156976.0,35.0,32.0,4.0,2025-12-19,25 FW 02,36.0
My Little Star Shorts White,공통,36.0,29.0,7.0,2272722.0,1755660.0,517062.0,63131.0,36.0,29.0,7.0,2025-07-02,25 SS 03,36.0
Heart Puffer Jacket Burgundy,공통,36.0,31.0,5.0,4910422.0,4129500.0,780922.0,136401.0,36.0,31.0,5.0,2025-01-05,24 08 FW,36.0
Butter Dimsum Bag,공통,41.0,30.0,11.0,5660314.0,3576000.0,2084314.0,138056.0,40.0,29.0,11.0,2026-04-13,26 SS 01,40.0
Zzz Baby Sheeps Pajama Crop Pants Ivory,공통,37.0,28.0,9.0,2459215.0,1404000.0,1055215.0,66465.0,35.0,26.0,9.0,2025-12-14,25 FW 02,35.0
Unite Check Jacket Navy,공통,36.0,19.0,17.0,3622848.0,1637520.0,1985328.0,100635.0,36.0,19.0,17.0,2025-04-09,25 SS 01,36.0
Heart Puffer Jacket Matte Black,공통,35.0,33.0,2.0,4881730.0,4575000.0,306730.0,139478.0,35.0,33.0,2.0,2025-01-03,24 08 FW,35.0
Belted Highneck Warmer Faux Fur Jacket Black,공통,35.0,29.0,6.0,4673729.0,3910350.0,763379.0,133535.0,35.0,29.0,6.0,2025-12-18,25 FW 02,35.0
Belted Highneck Warmer Faux Fur Jacket Brown,공통,34.0,27.0,7.0,4240483.0,3283500.0,956983.0,124720.0,32.0,27.0,7.0,2025-12-16,25 FW 02,34.0
Buttons Angel Tee White,공통,33.0,29.0,4.0,1681507.0,1418990.0,262517.0,50955.0,33.0,29.0,4.0,2025-05-17,25 SS 02,33.0
Ragged Scarf Check Shirts Navy,공통,32.0,25.0,7.0,3715575.0,2717000.0,998575.0,116112.0,31.0,24.0,7.0,2025-09-10,25 FW 01,31.0
Hand Warmer Hairy Cozy Stripe L/S Brown,공통,33.0,13.0,20.0,3252681.0,854100.0,2398581.0,98566.0,33.0,13.0,20.0,2025-12-14,25 FW 02,33.0
Stripe Hoodie Cardigan Ivory,공통,32.0,29.0,3.0,2967635.0,2618700.0,348935.0,92739.0,32.0,29.0,3.0,2025-01-05,24 홀리데이컬렉션,32.0
Dot Garden Dress Ivory,공통,32.0,22.0,10.0,2180708.0,1281770.0,898938.0,68147.0,31.0,22.0,10.0,2025-07-02,25 SS 03,32.0
Logo Tee White,공통,32.0,31.0,1.0,1193838.0,1126350.0,67488.0,37307.0,32.0,31.0,1.0,2025-02-13,캐리오버,32.0
Buttons Collar Dress Black,공통,31.0,29.0,2.0,3074330.0,2853070.0,221260.0,99172.0,31.0,29.0,2.0,2025-05-17,25 SS 02,31.0
Circle Sleeveless Navy,공통,30.0,26.0,4.0,905668.0,654450.0,251218.0,30189.0,30.0,26.0,4.0,2025-04-22,캐리오버,30.0
Check Twin Buttons Shorts Green,공통,30.0,18.0,12.0,1758815.0,966800.0,792015.0,58627.0,30.0,18.0,12.0,2025-05-18,25 SS 02,30.0
Angel Slim Tee White,공통,30.0,23.0,7.0,1053324.0,564495.0,488829.0,35111.0,28.0,21.0,7.0,2025-05-20,25 SS 02,28.0
Zzz Baby Sheeps Pajama Top Ivory,공통,30.0,20.0,10.0,2900395.0,1692000.0,1208395.0,96680.0,29.0,19.0,10.0,2025-12-16,25 FW 02,29.0
Cozy Pom-Pom Dot Shearling Dumble Jumper Brown,해외전용,31.0,0.0,31.0,6494593.0,0.0,6494593.0,209503.0,31.0,0.0,31.0,2025-12-13,25 FW 02,31.0
Removable Shearling Knit Hoodie Zip Beige,공통,29.0,23.0,6.0,3884959.0,3136500.0,748459.0,133964.0,29.0,23.0,6.0,2025-09-12,25 FW 01,29.0
Check Twin Bottons Shorts Blue,공통,29.0,24.0,5.0,1566461.0,1277435.0,289026.0,54016.0,29.0,24.0,5.0,2025-05-17,25 SS 02,29.0
Reversible Grass Check Shearling Jacket Green,공통,28.0,16.0,12.0,3218538.0,1606500.0,1612038.0,114948.0,28.0,16.0,12.0,2025-12-22,25 FW 02,28.0
Bite Apple Sleeveless Gray,공통,28.0,18.0,10.0,1300634.0,611695.0,688939.0,46451.0,28.0,18.0,10.0,2025-07-05,25 SS 03,28.0
[Setup] Sheer Dot Layerd Tee Beige,공통,27.0,23.0,4.0,1499306.0,1235570.0,263736.0,55530.0,27.0,23.0,4.0,2025-05-18,25 SS 02,27.0
[Setup] Ribbon Layerd Tee Green,공통,27.0,23.0,4.0,1440040.0,1175110.0,264930.0,53335.0,27.0,23.0,4.0,2025-05-17,25 SS 02,27.0
Off Shoulder Top Navy,공통,27.0,21.0,6.0,1464957.0,852400.0,612557.0,54258.0,27.0,21.0,6.0,2025-01-05,24 홀리데이컬렉션,27.0
Ribbon Logo Sleeveless White,공통,27.0,23.0,4.0,975677.0,745500.0,230177.0,36136.0,26.0,22.0,4.0,2025-01-29,캐리오버,26.0
Velour Ear Zipup Crop Hoodie Skyblue,공통,27.0,26.0,1.0,2145843.0,2055134.0,90709.0,79476.0,27.0,26.0,1.0,2025-01-07,24 홀리데이컬렉션,27.0
Dot Garden Dress Mint,공통,29.0,17.0,12.0,2112046.0,988090.0,1123956.0,72829.0,29.0,17.0,12.0,2025-07-22,25 SS 03,29.0
Bite Apple Sleeveless White,공통,27.0,17.0,10.0,1295162.0,597415.0,697747.0,47969.0,27.0,17.0,10.0,2025-07-04,25 SS 03,27.0
Ribbon Slim Tee White,공통,26.0,16.0,10.0,1182147.0,503880.0,678267.0,45467.0,26.0,16.0,10.0,2025-01-09,캐리오버,26.0
Loose Fit Top Charcoal,공통,26.0,19.0,7.0,1341959.0,844680.0,497279.0,51614.0,26.0,19.0,7.0,2025-01-27,24 08 FW,26.0
BadBear Tee White,공통,27.0,24.0,3.0,977185.0,757100.0,220085.0,36192.0,25.0,22.0,3.0,2025-01-28,배드베어,25.0
Wood Check Hoodie Shirts Green,공통,26.0,11.0,15.0,3375695.0,1140000.0,2235695.0,129834.0,26.0,11.0,15.0,2025-09-12,25 FW 01,26.0
BadBear Varsity Jacket,공통,26.0,22.0,4.0,3838428.0,3023540.0,814888.0,147632.0,26.0,22.0,4.0,2025-01-13,배드베어,26.0
Venatio Layered Belt Skirt Charcoal,공통,26.0,15.0,11.0,2554373.0,1308000.0,1246373.0,98245.0,26.0,15.0,11.0,2025-12-18,25 FW 02,26.0
Flora Lace Skirt Baby Pink,공통,30.0,25.0,5.0,1826666.0,1290250.0,536416.0,60889.0,30.0,25.0,5.0,2026-02-07,26 VT,30.0
Logo Puff Hoodie Blue,공통,25.0,22.0,3.0,1659406.0,1441840.0,217566.0,66376.0,24.0,21.0,3.0,2025-01-02,캐리오버,24.0
BadBear Head Patch Cardigan Cloudy Blue,공통,25.0,22.0,3.0,1039552.0,866250.0,173302.0,41582.0,25.0,22.0,3.0,2025-01-17,배드베어,25.0
Milky Way Leg Warmer Skyblue,공통,27.0,17.0,10.0,1036783.0,327480.0,709303.0,38399.0,27.0,17.0,10.0,2025-07-03,25 SS 03,27.0
Doze Lace Sleeveless Neo Dot,공통,26.0,24.0,2.0,1228441.0,1010500.0,217941.0,47248.0,26.0,24.0,2.0,2026-04-13,26 SS 01,26.0
Loose Fit Top Deep Beige,공통,25.0,13.0,12.0,1435244.0,577450.0,857794.0,57410.0,25.0,13.0,12.0,2025-01-16,24 08 FW,25.0
Shooting Star Buttons Angel Tee White,공통,24.0,23.0,1.0,1308925.0,1218645.0,90280.0,54539.0,24.0,23.0,1.0,2025-05-18,25 SS 02,24.0
BadBear Varsity Jacket Navy,공통,23.0,22.0,1.0,2674733.0,2597950.0,76783.0,116293.0,23.0,22.0,1.0,2025-02-06,배드베어,23.0
BadBear Head Patch Cardigan Black,공통,23.0,18.0,5.0,1163694.0,766815.0,396879.0,50595.0,23.0,18.0,5.0,2025-01-04,배드베어,23.0
Memories Puff Sweatshirt Gray,공통,22.0,20.0,2.0,613603.0,447300.0,166303.0,27891.0,20.0,18.0,2.0,2025-01-12,캐리오버,20.0
Velour Pants Navy,공통,21.0,17.0,4.0,1567914.0,1272774.0,295140.0,74663.0,21.0,17.0,4.0,2025-01-03,24 홀리데이컬렉션,21.0
Loose Fit Top Ivory,공통,21.0,17.0,4.0,1040887.0,738800.0,302087.0,49566.0,21.0,17.0,4.0,2025-01-12,24 08 FW,21.0
Silky Babydoll Dress Ivory,공통,23.0,10.0,13.0,3404721.0,1413400.0,1991321.0,148031.0,23.0,10.0,13.0,2026-02-13,26 VT,23.0
BadBear Crop Tee White,공통,20.0,17.0,3.0,660392.0,529299.0,131093.0,33020.0,19.0,17.0,2.0,2025-01-28,배드베어,19.0
Hockey Jersey Blue,공통,20.0,17.0,3.0,2667802.0,2216920.0,450882.0,133390.0,20.0,17.0,3.0,2025-01-05,24 08 FW,20.0
Ribbon BadBear Tee Black,국내전용,23.0,23.0,0.0,674800.0,674800.0,0.0,29339.0,21.0,21.0,0.0,2025-02-23,배드베어,21.0
Classic Logo Cap Navy,공통,19.0,17.0,2.0,376953.0,228735.0,148218.0,19840.0,19.0,17.0,2.0,2025-01-05,캐리오버,19.0
Rush Drapey Snap One Shoulder Top Gray,공통,24.0,19.0,5.0,1901527.0,1302850.0,598677.0,79230.0,24.0,19.0,5.0,2026-04-13,26 SS 01,24.0
Dotty Tutu Mini Dress Dusty Pink,공통,22.0,13.0,9.0,2053149.0,976600.0,1076549.0,93325.0,21.0,13.0,9.0,2026-04-13,26 SS 01,22.0
Velour Pants Skyblue,공통,19.0,18.0,1.0,1276093.0,1233224.0,42869.0,67163.0,19.0,18.0,1.0,2025-01-01,24 홀리데이컬렉션,19.0
Mocha Dimsum Bag,공통,24.0,11.0,13.0,3636698.0,1311200.0,2325498.0,151529.0,24.0,11.0,13.0,2026-04-21,26 SS 01,24.0
Pattern Beanie Skyblue,공통,19.0,14.0,5.0,968763.0,465750.0,503013.0,50988.0,19.0,14.0,5.0,2025-02-18,캐리오버,19.0
Off Shoulder Top Pink,공통,17.0,13.0,4.0,818701.0,550500.0,268201.0,48159.0,17.0,13.0,4.0,2025-01-05,24 홀리데이컬렉션,17.0
BadBear Seoul Varsity Jacket Navy,공통,17.0,15.0,2.0,1703664.0,1549640.0,154024.0,100216.0,16.0,14.0,2.0,2025-02-10,SHOP SEOUL,16.0
Lullaby Satin Lace Top Lemon,공통,26.0,25.0,1.0,2119455.0,2025200.0,94255.0,81518.0,26.0,25.0,1.0,2026-04-15,26 SS 01,26.0
Rush Drapey Snap One Shoulder Top Ivory,공통,30.0,27.0,3.0,1751778.0,1467200.0,284578.0,58393.0,30.0,27.0,3.0,2026-04-17,26 SS 01,30.0
Doze Lace Sleeveless White,공통,19.0,17.0,2.0,928375.0,676500.0,251875.0,48862.0,19.0,17.0,2.0,2026-04-12,26 SS 01,19.0
Logo Beanie Skyblue,공통,15.0,11.0,4.0,405206.0,132750.0,272456.0,27014.0,15.0,11.0,4.0,2025-04-25,캐리오버,15.0
Check Beach Jacket Skyblue,공통,14.0,12.0,2.0,1071831.0,884500.0,187331.0,76559.0,14.0,12.0,2.0,2025-01-10,캐리오버,14.0
Logo Pull Zip Hoodie Navy,공통,14.0,11.0,3.0,1442930.0,1188000.0,254930.0,103066.0,14.0,11.0,3.0,2025-01-03,캐리오버,14.0
Velour Zipup Crop Jersey Navy,공통,14.0,13.0,1.0,1349576.0,1210900.0,138676.0,96398.0,14.0,13.0,1.0,2025-01-10,24 홀리데이컬렉션,14.0
Logo Beanie Navy,국내전용,14.0,14.0,0.0,188325.0,188325.0,0.0,13452.0,14.0,14.0,0.0,2025-04-23,캐리오버,14.0
Tiered Lace Capri Pants Vanilla,공통,18.0,13.0,5.0,1469955.0,901700.0,568255.0,81664.0,18.0,13.0,5.0,2026-04-13,26 SS 01,18.0
Ribbon BadBear Tee White,공통,13.0,11.0,2.0,573337.0,367750.0,205587.0,44103.0,12.0,10.0,2.0,2025-01-04,배드베어,12.0
Logo Crop Zipup Jersey Pink,공통,13.0,10.0,3.0,660383.0,438600.0,221783.0,50799.0,13.0,10.0,3.0,2025-02-06,캐리오버,13.0
Pore Half Knit Top Baby Mint,공통,14.0,12.0,2.0,1046837.0,807300.0,239537.0,74774.0,14.0,12.0,2.0,2026-04-11,26 SS 01,14.0
Fairy Tale Side Tie Skirt White,공통,14.0,10.0,4.0,1703273.0,1089000.0,614273.0,121662.0,14.0,10.0,4.0,2026-04-12,26 SS 01,14.0
Dotty Tutu Mini Dress Misty Blue,국내전용,13.0,13.0,0.0,969000.0,969000.0,0.0,74538.0,13.0,13.0,0.0,2026-04-15,26 SS 01,13.0
Berry BadBear Slim Tee White,공통,11.0,10.0,1.0,470812.0,394000.0,76812.0,42801.0,11.0,10.0,1.0,2025-01-04,배드베어,11.0
PPL Cap Black,공통,11.0,10.0,1.0,236568.0,175000.0,61568.0,21506.0,10.0,9.0,1.0,2025-01-05,캐리오버,10.0
Muddy Ribbon Dress Brown,공통,11.0,6.0,5.0,1095653.0,546000.0,549653.0,99605.0,11.0,6.0,5.0,2025-01-10,24 08 FW,11.0
Logo Sweat Pants Ivory,공통,10.0,7.0,3.0,720683.0,383590.0,337093.0,72068.0,10.0,7.0,3.0,2025-02-26,캐리오버,10.0
BadBear Seoul Varsity Jacket Blue,공통,10.0,9.0,1.0,851242.0,700800.0,150442.0,85124.0,10.0,9.0,1.0,2025-03-18,SHOP SEOUL,10.0
Logo Crop Sweatshirt Charcoal,공통,10.0,9.0,1.0,297716.0,217500.0,80216.0,29772.0,10.0,9.0,1.0,2025-01-10,캐리오버,10.0
Lullaby Satin Lace Top Coral,공통,9.0,8.0,1.0,785040.0,647400.0,137640.0,87227.0,9.0,8.0,1.0,2026-04-14,26 SS 01,9.0
BadBear Ringer Slim Tee Skyblue,공통,9.0,3.0,6.0,457603.0,107750.0,349853.0,50845.0,8.0,3.0,5.0,2025-07-07,배드베어,8.0
BadBear Key Chain,공통,9.0,4.0,5.0,602936.0,100000.0,502936.0,66993.0,9.0,4.0,5.0,2025-05-06,배드베어,9.0
Logo Beanie Cool Grey,공통,9.0,6.0,3.0,449905.0,139500.0,310405.0,49989.0,9.0,6.0,3.0,2025-01-10,캐리오버,9.0
[Setup] Endot Blazer Jacket Navy,국내전용,9.0,9.0,0.0,1573656.0,1573656.0,0.0,174851.0,8.0,8.0,0.0,2025-05-17,25 SS 01,8.0
BadBear Slim Tee Blue,공통,9.0,8.0,1.0,266617.0,226420.0,40197.0,29624.0,9.0,8.0,1.0,2025-03-10,배드베어,9.0
BadBear Head Patch Cardigan Grey,공통,9.0,7.0,2.0,489269.0,294000.0,195269.0,54363.0,9.0,7.0,2.0,2025-01-04,배드베어,9.0
BadBear Slim Tee White,공통,9.0,5.0,4.0,322890.0,172200.0,150690.0,35877.0,7.0,5.0,2.0,2025-04-28,배드베어,7.0
Venatio Layered Belt Skirt Brown,공통,8.0,4.0,4.0,945812.0,432000.0,513812.0,118226.0,8.0,4.0,4.0,2025-12-16,25 FW 02,8.0
Logo Sweat Pants Navy,공통,8.0,7.0,1.0,616002.0,538450.0,77552.0,77000.0,8.0,7.0,1.0,2025-01-08,캐리오버,8.0
BadBear Ringer Slim Tee Navy,국내전용,8.0,8.0,0.0,204750.0,204750.0,0.0,25594.0,8.0,8.0,0.0,2025-04-20,배드베어,8.0
Check Beach Shorts Skyblue,공통,8.0,7.0,1.0,276171.0,233500.0,42671.0,34521.0,8.0,7.0,1.0,2025-01-01,캐리오버,8.0
BadBear Crop Top Black,공통,7.0,6.0,1.0,219357.0,132000.0,87357.0,31337.0,7.0,6.0,1.0,2025-01-10,배드베어,7.0
BadBear Seoul Hoodie Navy,공통,7.0,6.0,1.0,363589.0,237000.0,126589.0,51941.0,6.0,5.0,1.0,2025-10-08,SHOP SEOUL,6.0
Dreamy Rose Cardigan White,공통,7.0,6.0,1.0,747100.0,643500.0,103600.0,106729.0,6.0,6.0,1.0,2026-04-13,26 SS 01,7.0
Heart Puffer Jacket City Black,국내전용,7.0,7.0,0.0,1037000.0,1037000.0,0.0,148143.0,7.0,7.0,0.0,2025-01-12,24 08 FW,7.0
Suede Bao Bag Black,국내전용,6.0,6.0,0.0,414600.0,414600.0,0.0,69100.0,6.0,6.0,0.0,2025-01-01,24 08 FW,6.0
Graffiti Tee White,국내전용,6.0,6.0,0.0,127050.0,127050.0,0.0,21175.0,3.0,3.0,0.0,2025-04-25,캐리오버,3.0
Fairy Tale Side Tie Skirt Lemon,공통,6.0,4.0,2.0,646941.0,429000.0,217941.0,107824.0,6.0,4.0,2.0,2026-04-13,26 SS 01,6.0
B Patch College Hoodie Navy,공통,6.0,5.0,1.0,236090.0,161950.0,74140.0,39348.0,6.0,5.0,1.0,2025-08-18,캐리오버,6.0
Graffiti Sweat Pants Charcoal,국내전용,6.0,6.0,0.0,267890.0,267890.0,0.0,44648.0,6.0,6.0,0.0,2025-01-15,캐리오버,6.0
Ribbon BadBear Ringer Slim Tee White,공통,6.0,4.0,2.0,274851.0,137000.0,137851.0,45808.0,6.0,4.0,2.0,2025-04-24,배드베어,6.0
B Patch College Hoodie Black,국내전용,6.0,6.0,0.0,150495.0,150495.0,0.0,25082.0,6.0,6.0,0.0,2025-05-01,캐리오버,6.0
Classic Logo Cap Black,공통,6.0,3.0,3.0,327221.0,85800.0,241421.0,54537.0,6.0,3.0,3.0,2025-02-06,캐리오버,6.0
BadBear Hug Tee White,공통,6.0,3.0,3.0,339625.0,121800.0,217825.0,56604.0,6.0,3.0,3.0,2025-04-03,배드베어,6.0
BadBear Cap Black,공통,5.0,4.0,1.0,161857.0,121660.0,40197.0,32371.0,5.0,4.0,1.0,2025-04-24,배드베어,5.0
Logo Pull Zip Hoodie Blue,공통,5.0,3.0,2.0,436120.0,297000.0,139120.0,87224.0,5.0,3.0,2.0,2025-01-12,캐리오버,5.0
Bond Bunny Crop Tee Lime,공통,5.0,3.0,2.0,185137.0,58800.0,126337.0,37027.0,5.0,3.0,2.0,2025-02-08,캐리오버,5.0
Dreamy Rose Cardigan Oatmeal,국내전용,5.0,5.0,0.0,533500.0,533500.0,0.0,106700.0,3.0,5.0,0.0,2026-04-18,26 SS 01,5.0
BadBear Seoul Tee Black,공통,5.0,4.0,1.0,236470.0,141750.0,94720.0,47294.0,5.0,4.0,1.0,2025-03-01,SHOP SEOUL,5.0
Graffiti Tee Black,국내전용,5.0,5.0,0.0,113190.0,113190.0,0.0,22638.0,5.0,5.0,0.0,2025-04-24,캐리오버,5.0
BadBear Hug Patch Crop Zipup Hoodie Navy,공통,5.0,3.0,2.0,306397.0,167700.0,138697.0,61279.0,5.0,3.0,2.0,2025-02-01,배드베어,5.0
Dot Buttons Knit Double Navy Setup,국내전용,4.0,4.0,0.0,565600.0,565600.0,0.0,141400.0,4.0,4.0,0.0,2025-04-23,25 SS 01,4.0
BadBear Slim Tee Black,공통,4.0,3.0,1.0,203032.0,87000.0,116032.0,50758.0,4.0,3.0,1.0,2025-03-16,배드베어,4.0
BadBear Seoul Slim Tee White,공통,4.0,1.0,3.0,243572.0,29400.0,214172.0,60893.0,4.0,1.0,3.0,2025-02-10,SHOP SEOUL,4.0
Dot Buttons Knit Double Gray Setup,공통,4.0,2.0,2.0,457081.0,282800.0,174281.0,114270.0,4.0,2.0,2.0,2025-04-29,25 SS 01,4.0
Baby BadBear Oversized Tee White,국내전용,5.0,4.0,1.0,148960.0,112700.0,36260.0,29792.0,5.0,4.0,1.0,2025-01-16,배드베어,5.0
Logo Crop Zipup Jersey Blue,공통,4.0,3.0,1.0,169898.0,116100.0,53798.0,42474.0,4.0,3.0,1.0,2025-01-15,캐리오버,4.0
Endot Blazer Jacket Navy Setup,국내전용,4.0,4.0,0.0,873600.0,873600.0,0.0,218400.0,4.0,4.0,0.0,2025-04-23,25 SS 01,4.0
BadBear Photo Card Keyring,공통,3.0,1.0,2.0,205175.0,22000.0,183175.0,68392.0,3.0,1.0,2.0,2025-02-01,배드베어,3.0
Baby BadBear Oversized Tee Skyblue,공통,3.0,2.0,1.0,117000.0,61870.0,55130.0,39000.0,3.0,2.0,1.0,2025-04-24,배드베어,3.0
Ribbon Sleeveless White,국내전용,3.0,3.0,0.0,111150.0,111150.0,0.0,37050.0,3.0,3.0,0.0,2025-01-09,캐리오버,3.0
Ribbon Crop Jacket Navy,국내전용,3.0,3.0,0.0,462500.0,462500.0,0.0,154167.0,3.0,3.0,0.0,2025-01-08,캐리오버,3.0
Ribbon Crop Sweatshirt Navy,국내전용,3.0,3.0,0.0,102600.0,102600.0,0.0,34200.0,3.0,3.0,0.0,2025-04-23,캐리오버,3.0
BadBear Seoul Stacking Mug,공통,4.0,1.0,3.0,227382.0,23000.0,204382.0,56846.0,4.0,1.0,3.0,2025-05-21,SHOP SEOUL,4.0
BadBear Ringer Slim Tee Blue,공통,3.0,1.0,2.0,167680.0,29000.0,138680.0,55893.0,3.0,1.0,2.0,2025-02-10,배드베어,3.0
Logo Sweat Pants Skyblue,국내전용,3.0,3.0,0.0,80100.0,80100.0,0.0,26700.0,3.0,3.0,0.0,2025-01-01,캐리오버,3.0
DJ BadBear Graphic Poster Set,해외전용,3.0,0.0,3.0,248957.0,0.0,248957.0,82986.0,2.0,0.0,3.0,2025-12-02,배드베어,3.0
Pore Half Knit Top Ivory,국내전용,6.0,4.0,2.0,499045.0,265650.0,233395.0,83174.0,6.0,4.0,2.0,2026-05-01,26 SS 01,6.0
Endot Blazer Jacket Navy Set Up,해외전용,3.0,0.0,3.0,562089.0,0.0,562089.0,187363.0,3.0,0.0,3.0,2025-04-23,25 SS 01,3.0
BadBear Crop Sweatshirt Navy,공통,2.0,1.0,1.0,94900.0,41250.0,53650.0,47450.0,2.0,1.0,1.0,2025-02-02,배드베어,2.0
BadBear Graphic Hoodie Grey,국내전용,2.0,2.0,0.0,97900.0,97900.0,0.0,48950.0,2.0,2.0,0.0,2025-01-15,캐리오버,2.0
BadBear Face Smart Tok,해외전용,2.0,0.0,2.0,106811.0,0.0,106811.0,53406.0,2.0,0.0,2.0,2025-11-16,배드베어,2.0
BadBear Slim Tee Skyblue,해외전용,3.0,1.0,2.0,134924.0,21000.0,113924.0,44975.0,3.0,1.0,2.0,2025-07-15,배드베어,3.0
BadBear Heart Cap Green,국내전용,2.0,2.0,0.0,50700.0,50700.0,0.0,25350.0,2.0,2.0,0.0,2025-02-02,배드베어,2.0
Endot Blazer Jacket Charcoal Set Up,해외전용,2.0,0.0,2.0,288581.0,0.0,288581.0,144290.0,2.0,0.0,2.0,2025-05-04,25 SS 01,2.0
BadBear Head Patch Cardigan Navy,공통,2.0,1.0,1.0,117924.0,42000.0,75924.0,58962.0,2.0,1.0,1.0,2025-01-14,배드베어,2.0
Endot Blazer Jacket Charcoal Setup,국내전용,2.0,2.0,0.0,436800.0,436800.0,0.0,218400.0,2.0,2.0,0.0,2025-04-25,25 SS 01,2.0
Punk Crop Top Gray,국내전용,2.0,2.0,0.0,32900.0,32900.0,0.0,16450.0,2.0,2.0,0.0,2025-02-08,캐리오버,2.0
[Setup] Dot Buttons Knit Double Gray,국내전용,2.0,2.0,0.0,251300.0,251300.0,0.0,125650.0,2.0,2.0,0.0,2025-05-24,25 SS 01,2.0
Ribbon Blossom Crop Jacket White,국내전용,2.0,2.0,0.0,261000.0,261000.0,0.0,130500.0,2.0,2.0,0.0,2025-02-08,캐리오버,2.0
Ribbon BadBear Crop Hoodie White,국내전용,1.0,1.0,0.0,33600.0,33600.0,0.0,33600.0,1.0,1.0,0.0,2025-01-30,배드베어,1.0
BadBear Heart Cap Black,국내전용,1.0,1.0,0.0,26000.0,26000.0,0.0,26000.0,1.0,1.0,0.0,2025-07-05,배드베어,1.0
BadBear Seoul Tee White,해외,1.0,0.0,1.0,60638.0,0.0,60638.0,60638.0,1.0,0.0,1.0,2026-05-14,SHOP SEOUL,1.0
Lettering Crop Sweatshirt Navy,국내전용,1.0,1.0,0.0,22500.0,22500.0,0.0,22500.0,1.0,1.0,0.0,2025-01-08,캐리오버,1.0
Setup Ribbon Layerd Tee White,해외전용,1.0,0.0,1.0,42671.0,0.0,42671.0,42671.0,1.0,0.0,1.0,2025-05-19,25 SS 02,1.0
Logo Zipup Jersey Blue,국내전용,1.0,1.0,0.0,44700.0,44700.0,0.0,44700.0,1.0,1.0,0.0,2025-02-05,캐리오버,1.0
Heart Puffer Pouch Sleeve City Black,국내전용,1.0,1.0,0.0,55000.0,55000.0,0.0,55000.0,1.0,1.0,0.0,2025-04-01,24 08 FW,1.0
BadBear Art Toy #2,해외전용,1.0,0.0,1.0,139157.0,0.0,139157.0,139157.0,1.0,0.0,1.0,2025-04-25,배드베어,1.0
BadBear Graphic Cushion,국내전용,1.0,1.0,0.0,63750.0,63750.0,0.0,63750.0,1.0,1.0,0.0,2025-12-21,배드베어,1.0
Ribbon BadBear Rubber Keyring,해외전용,1.0,0.0,1.0,74140.0,0.0,74140.0,74140.0,1.0,0.0,1.0,2025-12-08,배드베어,1.0
Racing Crop Tee Black,해외전용,1.0,0.0,1.0,77681.0,0.0,77681.0,77681.0,1.0,0.0,1.0,2025-02-25,캐리오버,1.0
BadBear Seoul Hoodie White,국내전용,1.0,1.0,0.0,79000.0,79000.0,0.0,79000.0,1.0,1.0,0.0,2025-08-27,SHOP SEOUL,1.0
Cotton Cargo Skirt Pants Navy,해외전용,1.0,0.0,1.0,141784.0,0.0,141784.0,141784.0,1.0,0.0,1.0,2025-05-02,캐리오버,1.0
Bear Ear Zipup Crop Hoodie White,국내전용,1.0,1.0,0.0,139000.0,139000.0,0.0,139000.0,1.0,1.0,0.0,2025-03-31,캐리오버,1.0
[Setup] Dot Buttons Knit Double Navy,국내전용,1.0,1.0,0.0,141400.0,141400.0,0.0,141400.0,1.0,1.0,0.0,2025-05-17,25 SS 01,1.0
[Setup] Endot Blazer Jacket Charcoal,국내전용,1.0,1.0,0.0,218400.0,218400.0,0.0,218400.0,1.0,1.0,0.0,2025-05-21,25 SS 01,1.0
Pattern Beanie Midnight,국내전용,1.0,1.0,0.0,22500.0,22500.0,0.0,22500.0,1.0,1.0,0.0,2025-01-28,캐리오버,1.0
Jelly Lemon Dimsum Bag,국내전용,44.0,31.0,13.0,5770520.0,3885000.0,1885520.0,131148.0,42.0,29.0,13.0,2026-05-28,기타,42.0
Jelly Mint Dimsum Bag,국내+해외,61.0,28.0,33.0,8356320.0,3570000.0,4786320.0,136989.0,57.0,24.0,33.0,2026-05-28,기타,57.0
Jelly Peach Dimsum Bag,국내+해외,29.0,15.0,14.0,3605560.0,1575000.0,2030560.0,124330.0,29.0,15.0,14.0,2026-05-28,기타,29.0
Rattan Black Dimsum Bag,해외전용,2.0,1.0,1.0,353240.0,149000.0,204240.0,176620.0,2.0,1.0,1.0,2026-05-30,기타,2.0
Rattan Beige Dimsum Bag,국내+해외,3.0,2.0,1.0,479890.0,275650.0,204240.0,159963.0,3.0,2.0,1.0,2026-06-01,기타,3.0
Rattan Pistachio Dimsum Bag,해외전용,1.0,0.0,1.0,204240.0,0.0,204240.0,204240.0,1.0,0.0,1.0,2026-06-01,기타,1.0
Sailing Stripe Lace-up Half Shirts,공통,1.0,1.0,0.0,71100.0,71100.0,0.0,71100.0,1.0,1.0,0.0,2026-06-07,기타,1.0
Sailing Dot Lace-up Half Shirts,공통,1.0,1.0,0.0,71100.0,71100.0,0.0,71100.0,1.0,1.0,0.0,2026-06-07,기타,1.0
Fruit Mlik Punch Sleeveless,공통,1.0,1.0,0.0,38700.0,38700.0,0.0,38700.0,1.0,1.0,0.0,2026-06-07,기타,1.0
Rope Kiko Doule Botton Shorts Mint,공통,2.0,2.0,0.0,216000.0,216000.0,0.0,108000.0,2.0,2.0,0.0,2026-06-06,기타,2.0
Mini Glaze Lemon Dimsum Bag,공통,1.0,1.0,0.0,124800.0,124800.0,0.0,124800.0,1.0,1.0,0.0,2026-06-07,기타,1.0
Jelly Mint Dumpling Bag,공통,7.0,3.0,4.0,895160.0,315000.0,580160.0,127880.0,7.0,3.0,4.0,2026-06-05,기타,7.0
Holo Dot Botton Half Shirts,공통,1.0,1.0,0.0,71100.0,71100.0,0.0,71100.0,1.0,1.0,0.0,2026-06-06,기타,1.0
Jelly Leomon Dumpling Bag,공통,5.0,2.0,3.0,645120.0,210000.0,435120.0,129024.0,5.0,2.0,3.0,2026-06-05,기타,5.0
Coconut Stripe Sleeveless,공통,1.0,0.0,1.0,116920.0,0.0,116920.0,116920.0,1.0,0.0,1.0,2026-06-07,기타,1.0
Mini Glaze Night Dimsum Bag,공통,2.0,0.0,2.0,330336.0,0.0,330336.0,165168.0,2.0,0.0,2.0,2026-06-06,기타,2.0
Jelly Peach Dumpling Bag,공통,1.0,0.0,1.0,145040.0,0.0,145040.0,145040.0,1.0,0.0,1.0,2026-06-06,기타,1.0
